[{"model": "fuel.track", "pk": 1, "fields": {"name": "Silverstone", "country": "England", "distance": 5891, "turns": 18, "lap_time": 121.0}}, {"model": "fuel.track", "pk": 2, "fields": {"name": "SPA", "country": "Belgium", "distance": 7004, "turns": 19, "lap_time": 140.0}}, {"model": "fuel.track", "pk": 3, "fields": {"name": "Circuit Paul-Ricard", "country": "France", "distance": 5842, "turns": 15, "lap_time": 120.0}}, {"model": "fuel.track", "pk": 4, "fields": {"name": "Hungaroring", "country": "Hungary", "distance": 4381, "turns": 14, "lap_time": 105.0}}, {"model": "fuel.track", "pk": 5, "fields": {"name": "Suzuka", "country": "Japan", "distance": 5807, "turns": 18, "lap_time": 125.0}}, {"model": "fuel.track", "pk": 6, "fields": {"name": "Laguna Seca", "country": "USA", "distance": 3602, "turns": 11, "lap_time": 90.0}}, {"model": "fuel.track", "pk": 7, "fields": {"name": "Kyalami", "country": "South Africa", "distance": 4522, "turns": 16, "lap_time": 107.0}}, {"model": "fuel.track", "pk": 8, "fields": {"name": "Mount Panorama", "country": "Australia", "distance": 6213, "turns": 23, "lap_time": 125.0}}, {"model": "fuel.track", "pk": 9, "fields": {"name": "Zolder", "country": "Belgium", "distance": 4011, "turns": 10, "lap_time": 92.0}}, {"model": "fuel.track", "pk": 10, "fields": {"name": "Barcelona", "country": "Spain", "distance": 4655, "turns": 16, "lap_time": 107.0}}, {"model": "fuel.track", "pk": 11, "fields": {"name": "N\u00fcrburgring", "country": "Germany", "distance": 5137, "turns": 17, "lap_time": 120.0}}, {"model": "fuel.track", "pk": 12, "fields": {"name": "Zandvoort", "country": "Netherlands", "distance": 4252, "turns": 14, "lap_time": 100.0}}, {"model": "fuel.track", "pk": 13, "fields": {"name": "Misano", "country": "Italy", "distance": 4226, "turns": 16, "lap_time": 100.0}}, {"model": "fuel.track", "pk": 14, "fields": {"name": "Brands Hatch", "country": "England", "distance": 3908, "turns": 9, "lap_time": 87.0}}, {"model": "fuel.track", "pk": 15, "fields": {"name": "Monza", "country": "Italy", "distance": 5795, "turns": 11, "lap_time": 110.0}}, {"model": "fuel.car", "pk": 1, "fields": {"name": "720s", "brand": "McLaren"}}, {"model": "fuel.car", "pk": 2, "fields": {"name": "AMR V8 Vantage", "brand": "Aston Martin"}}, {"model": "fuel.car", "pk": 3, "fields": {"name": "R8 LMS Evo", "brand": "Audi"}}, {"model": "fuel.car", "pk": 4, "fields": {"name": "Continental", "brand": "Bentley"}}, {"model": "fuel.car", "pk": 5, "fields": {"name": "M6", "brand": "BMW"}}, {"model": "fuel.car", "pk": 6, "fields": {"name": "488", "brand": "Ferrari"}}, {"model": "fuel.car", "pk": 7, "fields": {"name": "NSX Evo", "brand": "Honda"}}, {"model": "fuel.car", "pk": 8, "fields": {"name": "Huracan", "brand": "Lamborghini"}}, {"model": "fuel.car", "pk": 9, "fields": {"name": "Huracan Evo", "brand": "Lamborghini"}}, {"model": "fuel.car", "pk": 10, "fields": {"name": "RC F", "brand": "Lexus"}}, {"model": "fuel.car", "pk": 11, "fields": {"name": "Mercedes-Amg", "brand": "Mercedes"}}, {"model": "fuel.car", "pk": 12, "fields": {"name": "GT-R Nismo", "brand": "Nissan"}}, {"model": "fuel.car", "pk": 13, "fields": {"name": "911II R", "brand": "Porsche"}}, {"model": "fuel.consumption", "pk": 1, "fields": {"car": 1, "track": 1, "fuel": 3.41}}, {"model": "fuel.consumption", "pk": 2, "fields": {"car": 1, "track": 2, "fuel": 4.1}}, {"model": "fuel.consumption", "pk": 3, "fields": {"car": 1, "track": 3, "fuel": 3.45}}, {"model": "fuel.consumption", "pk": 4, "fields": {"car": 1, "track": 4, "fuel": 2.71}}, {"model": "fuel.consumption", "pk": 5, "fields": {"car": 1, "track": 5, "fuel": 3.8}}, {"model": "fuel.consumption", "pk": 6, "fields": {"car": 1, "track": 6, "fuel": 2.7}}, {"model": "fuel.consumption", "pk": 7, "fields": {"car": 1, "track": 7, "fuel": 2.85}}, {"model": "fuel.consumption", "pk": 8, "fields": {"car": 1, "track": 8, "fuel": 4.0}}, {"model": "fuel.consumption", "pk": 9, "fields": {"car": 1, "track": 9, "fuel": 2.8}}, {"model": "fuel.consumption", "pk": 10, "fields": {"car": 1, "track": 10, "fuel": 2.85}}, {"model": "fuel.consumption", "pk": 11, "fields": {"car": 1, "track": 11, "fuel": 3.2}}, {"model": "fuel.consumption", "pk": 12, "fields": {"car": 1, "track": 12, "fuel": 2.66}}, {"model": "fuel.consumption", "pk": 13, "fields": {"car": 1, "track": 13, "fuel": 2.62}}, {"model": "fuel.consumption", "pk": 14, "fields": {"car": 1, "track": 14, "fuel": 2.65}}, {"model": "fuel.consumption", "pk": 15, "fields": {"car": 1, "track": 15, "fuel": 3.73}}]